<?xml version="1.0" encoding="UTF-8"?>
<!--
  Licensed to the Apache Software Foundation (ASF) under one or more
  contributor license agreements.  See the NOTICE file distributed with
  this work for additional information regarding copyright ownership.
  The ASF licenses this file to You under the Apache License, Version 2.0
  (the "License"); you may not use this file except in compliance with
  the License.  You may obtain a copy of the License at

       http://www.apache.org/licenses/LICENSE-2.0

  Unless required by applicable law or agreed to in writing, software
  distributed under the License is distributed on an "AS IS" BASIS,
  WITHOUT WARRANTIES OR CONDITIONS OF ANY KIND, either express or implied.
  See the License for the specific language governing permissions and
  limitations under the License.
-->
<!-- $Id: fop-getting-help.xml 627324 2008-02-13 09:35:01Z maxberger $ -->
<section>
  <title tab-width="45">Support</title>
  <p>
    What if you need help?
  </p>
  <ul>
    <li>Find out if your problem is about XSL-FO or XSLT.</li>
    <li>The FOP website contains links to forums and mailing lists on XSLT.</li>
    <li>The &#x201C;fop-users&#x201D; mailing list helps you with Apache FOP.</li>
    <li>Be sure to check the FAQ and the mailing list archives before you ask on the mailing list.</li>
  </ul>
</section>
