<?xml version="1.0" encoding="UTF-8"?>
<!--
  Licensed to the Apache Software Foundation (ASF) under one or more
  contributor license agreements.  See the NOTICE file distributed with
  this work for additional information regarding copyright ownership.
  The ASF licenses this file to You under the Apache License, Version 2.0
  (the "License"); you may not use this file except in compliance with
  the License.  You may obtain a copy of the License at

       http://www.apache.org/licenses/LICENSE-2.0

  Unless required by applicable law or agreed to in writing, software
  distributed under the License is distributed on an "AS IS" BASIS,
  WITHOUT WARRANTIES OR CONDITIONS OF ANY KIND, either express or implied.
  See the License for the specific language governing permissions and
  limitations under the License.
-->
<!-- $Id: hello-world-in-fo.xml 627324 2008-02-13 09:35:01Z maxberger $ -->
<section xmlns:fo="http://www.w3.org/1999/XSL/Format">
  <title tab-width="80">Hello World in XSL-FO</title>
  <p>
    XSL-FO is for print documents what HTML is for browsers. Here's what a minimal XSL-FO 
    document looks like:
  </p>
  <fo:block text-align="start" font-family="'Lucida Console'" font-size="smaller" white-space="pre"
  ><![CDATA[<?xml version="1.0" encoding="UTF-8"?>
<fo:root xmlns:fo="http://www.w3.org/1999/XSL/Format">
  <fo:layout-master-set>
    <fo:simple-page-master master-name="A4" 
        page-height="29.7cm" page-width="21cm" 
        margin="2cm">
      <fo:region-body/>
    </fo:simple-page-master>
  </fo:layout-master-set>
  <fo:page-sequence master-reference="A4">
    <fo:flow flow-name="xsl-region-body">
      <fo:block>Hello World!</fo:block>
    </fo:flow>
  </fo:page-sequence>
</fo:root>]]></fo:block>
</section>
