<?xml version="1.0" encoding="UTF-8"?>
<catalogue xml:lang="en">
  <message key="warnDefaultFontSetup">No AFP fonts configured. Using default setup.</message>
  <message key="warnMissingDefaultFont">No AFP default "any", {style}, {weight} font configured.</message>
  <message key="characterSetEncodingError">An error occurred when attempting to encode character set {charSetName} with encoding scheme {encoding}.</message>
  <message key="resourceEmbeddingError">An error occurs while embedding the resource named "{resourceName}".[ Reason: {e}]</message>
</catalogue>
