<?xml version="1.0"?>
<!--
  Licensed to the Apache Software Foundation (ASF) under one or more
  contributor license agreements.  See the NOTICE file distributed with
  this work for additional information regarding copyright ownership.
  The ASF licenses this file to You under the Apache License, Version 2.0
  (the "License"); you may not use this file except in compliance with
  the License.  You may obtain a copy of the License at

      http://www.apache.org/licenses/LICENSE-2.0

  Unless required by applicable law or agreed to in writing, software
  distributed under the License is distributed on an "AS IS" BASIS,
  WITHOUT WARRANTIES OR CONDITIONS OF ANY KIND, either express or implied.
  See the License for the specific language governing permissions and
  limitations under the License.
-->
<!-- $Id: site.xml 961399 2010-07-07 15:04:01Z spepping $ -->
<site label="FOP" href="" xmlns="http://apache.org/forrest/linkmap/1.0" tab="home">
  <!--
  BEGIN Home tab
  -->
  <about label="About">
    <index label="Introduction" href="index.html"/>
    <download label="Download" href="download.html"/>
    <quickstartguide label="Quick Start Guide" href="quickstartguide.html"/>
    <compliance label="Compliance" href="compliance.html" description="FOP Compliance"/>
    <help label="Getting Help" href="gethelp.html"/>
    <faqs label="FAQs" href="faq.html"/>
    <maillist label="Mailing Lists" href="maillist.html"/>
    <license label="License" href="license.html"/>
    <asf-sponsorship label="ASF Sponsorship Program" href="http://www.apache.org/foundation/sponsorship.html"/>"
    <asf-thanks label="ASF Thanks" href="http://www.apache.org/foundation/thanks.html"/>"
    <!--
    <all_site label="Full HTML" href="wholesite.html"/>
    <all_sitePDF label="Full PDF" href="wholesite.pdf"/>
    -->
  </about>

  <resources label="Resources">
    <xsl-fo label="XSL-FO" href="fo.html"/>
    <examples label="Examples" href="examples.html"/>
    <bugs label="Bugs" href="bugs.html"/>
    <wiki label="Wiki" href="http://wiki.apache.org/xmlgraphics-fop/FrontPage"/>
    <other label="Other" href="resources.html"/>
  </resources>

  <project label="Project">
    <news label="News" href="news.html"/>
    <team label="Who We Are" href="team.html"/>
    <status label="Status" href="status.html"/>
    <knownissues label="Known Issues" href="knownissues.html"/>
    <changes label="Changes" href="changes.html"/>
    <!--todo label="Todo" href="todo.html"/-->
  </project>
  <!--
  END Home tab
  -->
  
  <!--
  BEGIN Version 0.95 documentation tab
  -->
  <trunk label="FOP 0.95" href="0.95/" tab="previousversion">
    <about label="About" href="index.html"/>
    <release label="Release Notes" href="releaseNotes_0.95.html"/>
    <changes label="Changes (0.95)" href="changes_0.95.html"/>
    <changes-beta label="Changes (0.95beta)" href="changes_0.95beta.html"/>
    <knownissues label="Known Issues" href="knownissues_overview.html"/>
    <upgrading label="Upgrading" href="upgrading.html"/>
    
    <using label="Using FOP">
      <build label="Build" href="compiling.html"/>
      <config label="Configure" href="configuration.html"/>
      <run label="Run" href="running.html"/>
      <embed label="Embed" href="embedding.html"/>
      <servlet label="Servlets" href="servlets.html"/>
      <ant label="Ant Task" href="anttask.html"/>
    </using>

    <features label="Features">
      <output label="Output Targets" href="output.html"/>
      <if label="Intermediate Format" href="intermediate.html"/>
      <pdfencryption label="PDF Encryption" href="pdfencryption.html"/>
      <pdfa label="PDF/A" href="pdfa.html"/>
      <pdfx label="PDF/X" href="pdfx.html"/>
      <graphics label="Graphics" href="graphics.html"/>
      <fonts label="Fonts" href="fonts.html"/>
      <hyphenation label="Hyphenation" href="hyphenation.html"/>    
      <extensions label="Extensions" href="extensions.html"/>
      <metadata label="Metadata" href="metadata.html"/>
    </features>
    
  </trunk>
  <!--
  END Version 0.95 documentation tab
  -->
  
  <!--
  BEGIN Version 1.0 documentation tab
  -->
  <trunk label="FOP 1.0" href="1.0/" tab="stableversion">
    <about label="About" href="index.html"/>
    <release label="Release Notes" href="releaseNotes_1.0.html"/>
    <changes label="Changes (1.0)" href="changes_1.0.html"/>
    <knownissues label="Known Issues" href="knownissues_overview.html"/>
    <upgrading label="Upgrading" href="upgrading.html"/>
    
    <using label="Using FOP">
      <build label="Build" href="compiling.html"/>
      <config label="Configure" href="configuration.html"/>
      <run label="Run" href="running.html"/>
      <embed label="Embed" href="embedding.html"/>
      <servlet label="Servlets" href="servlets.html"/>
      <ant label="Ant Task" href="anttask.html"/>
    </using>

    <features label="Features">
      <output label="Output Targets" href="output.html"/>
      <if label="Intermediate Format" href="intermediate.html"/>
      <pdfencryption label="PDF Encryption" href="pdfencryption.html"/>
      <pdfa label="PDF/A" href="pdfa.html"/>
      <pdfx label="PDF/X" href="pdfx.html"/>
      <graphics label="Graphics" href="graphics.html"/>
      <fonts label="Fonts" href="fonts.html"/>
      <hyphenation label="Hyphenation" href="hyphenation.html"/>    
      <extensions label="Extensions" href="extensions.html"/>
      <events label="Events" href="events.html"/>
      <metadata label="Metadata" href="metadata.html"/>
      <accessibility label="Accessibility" href="accessibility.html"/>
    </features>
    
  </trunk>
  <!--
  END Version 1.0 documentation tab
  -->

  <!--
  BEGIN Trunk documentation tab
  -->
  <trunk label="FOP Trunk (dev)" href="trunk/" tab="develversion">
    <about label="About" href="index.html"/>
    <upgrading label="Upgrading" href="upgrading.html"/>
    
    <using label="Using FOP">
      <build label="Build" href="compiling.html"/>
      <config label="Configure" href="configuration.html"/>
      <run label="Run" href="running.html"/>
      <embed label="Embed" href="embedding.html"/>
      <servlet label="Servlets" href="servlets.html"/>
      <ant label="Ant Task" href="anttask.html"/>
    </using>

    <features label="Features">
      <output label="Output Targets" href="output.html"/>
      <if label="Intermediate Format" href="intermediate.html"/>
      <pdfencryption label="PDF Encryption" href="pdfencryption.html"/>
      <pdfa label="PDF/A" href="pdfa.html"/>
      <pdfx label="PDF/X" href="pdfx.html"/>
      <graphics label="Graphics" href="graphics.html"/>
      <fonts label="Fonts" href="fonts.html"/>
      <hyphenation label="Hyphenation" href="hyphenation.html"/>    
      <extensions label="Extensions" href="extensions.html"/>
      <events label="Events" href="events.html"/>
      <metadata label="Metadata" href="metadata.html"/>
      <accessibility label="Accessibility" href="accessibility.html"/>
    </features>
    
  </trunk>
  <!--
  END Trunk documentation tab
  -->
  
  <!--
  BEGIN Development tab
  -->
  <introduction label="About" href="dev/" tab="development">
    <basics label="Basics" href="index.html"/>
  </introduction>

  <design label="Design" href="dev/" tab="development">
    <about label="About" href="design/">
      <introduction label="Introduction" href="index.html"/>
    </about>

    <core-process label="Core Process" href="design/">
      <startup label="Startup" href="startup.html"/>
      <parsing label="XML Parsing" href="parsing.html"/>
      <fotree label="FO Tree" href="fotree.html"/>
      <properties label="Properties" href="properties.html"/>
      <layout label="Layout" href="layout.html"/>
      <breakpos label="Break Possibility" href="breakpos.html"/>
      <areas label="Area Tree" href="areas.html"/>
      <renderers label="Renderers" href="renderers.html"/>
    </core-process>

    <miscellaneous label="Miscellaneous" href="design/">
      <images label="Images" href="images.html"/>
      <pdflib label="PDF Library" href="pdf-library.html"/>
      <svg label="SVG" href="svg.html"/>
      <embedding label="Embedding" href="embedding.html"/>
      <extending label="Extending" href="extending.html"/>
      <optimise label="Optimisations" href="optimise.html"/>
      <useragent label="User Agent" href="useragent.html"/>
    </miscellaneous>
    
    <unresolved label="Unresolved (Wiki)" href="http://wiki.apache.org/xmlgraphics-fop/FOPProjectPages"/>
    
    <svg label="SVG" href="svg.html"/>
    
    <extensions label="Extensions" href="extensions.html"/>
  </design>

  <develop label="Develop" href="dev/" tab="development">
    <api-doc label="API Doc" href="api-doc.html"/>
    <walkthru label="Walk-Thru" href="implement.html" tab="development"/>
    <patch label="Patch Queue" href="http://issues.apache.org/bugzilla/buglist.cgi?bug_status=NEW&amp;bug_status=ASSIGNED&amp;bug_status=REOPENED&amp;email1=&amp;emailtype1=substring&amp;emailassigned_to1=1&amp;email2=&amp;emailtype2=substring&amp;emailreporter2=1&amp;bugidtype=include&amp;bug_id=&amp;changedin=&amp;votes=&amp;chfieldfrom=&amp;chfieldto=Now&amp;chfieldvalue=&amp;product=Fop&amp;short_desc=%5BPATCH%5D&amp;short_desc_type=allwordssubstr&amp;long_desc=&amp;long_desc_type=allwordssubstr&amp;bug_file_loc=&amp;bug_file_loc_type=allwordssubstr&amp;keywords=&amp;keywords_type=anywords&amp;field0-0-0=noop&amp;type0-0-0=noop&amp;value0-0-0=&amp;namedcmd=Fop+all&amp;newqueryname=fop+patch+queue&amp;tofooter=1&amp;order=Reuse+same+sort+as+last+time" tab="development"/>
    <conventions label="Conventions" href="conventions.html" tab="development"/>
  </develop>

  <test label="Test" href="dev/" tab="development">
    <testing label="Testing" href="testing.html"/>
  </test>

  <deploy label="Deploy" href="dev/" tab="development">
    <doc label="Doc Mgmt" href="doc.html"/>
    <release label="Release" href="release.html"/>
    <bugs label="Bugs" href="http://issues.apache.org/bugzilla/buglist.cgi?bug_status=NEW&amp;bug_status=ASSIGNED&amp;bug_status=REOPENED&amp;email1=&amp;emailtype1=substring&amp;emailassigned_to1=1&amp;email2=&amp;emailtype2=substring&amp;emailreporter2=1&amp;bugidtype=include&amp;bug_id=&amp;changedin=&amp;votes=&amp;chfieldfrom=&amp;chfieldto=Now&amp;chfieldvalue=&amp;product=Fop&amp;short_desc=&amp;short_desc_type=allwordssubstr&amp;long_desc=&amp;long_desc_type=allwordssubstr&amp;bug_file_loc=&amp;bug_file_loc_type=allwordssubstr&amp;keywords=&amp;keywords_type=anywords&amp;field0-0-0=noop&amp;type0-0-0=noop&amp;value0-0-0=&amp;order=bug_severity%2Cpriority%20DESC"/>
  </deploy>

  <resources label="Resources" href="dev/" tab="development">
    <faq label="FAQs" href="faq.html"/>
    <tools label="Tools" href="tools.html"/>
    <viewcvs label="ViewVC" href="http://svn.apache.org/viewvc/xmlgraphics/fop"/>
  </resources>

  <subpackages label="SubPackages" href="dev/" tab="development">
    <rtflib label="RTFlib" href="rtflib.html"/>
  </subpackages>
  <!--
  END Development tab
  -->

  <external-refs>
    <xmlgraphics.apache.org href="http://xmlgraphics.apache.org/">
      <fop href="fop/"/>
      <batik href="batik/"/>
      <commons href="commons/"/>
    </xmlgraphics.apache.org>
    <svn-repo href="http://svn.apache.org/repos/asf/xmlgraphics/fop/">
      <trunk href="trunk/"/>
    </svn-repo>
    <forrest.apache.org href="http://forrest.apache.org/"/>
    <xml.apache.org href="http://xml.apache.org/">
      <xindice href="xindice/"/>
      <commons href="commons/">
        <resolver href="components/resolver/"/>
      </commons>
    </xml.apache.org>
    <xalan href="http://xalan.apache.org"/>
    <xerces href="http://xerces.apache.org"/>
    <mail-archive href="http://marc.theaimsgroup.com"/>
    <xpath-tut href="http://www.w3schools.com/xpath/"/>
    <commons-logging href="http://commons.apache.org/logging/"/>
    <commons-io href="http://commons.apache.org/io/"/>
    <jakarta href="http://jakarta.apache.org/">
      <commons href="commons/">
        <io href="io/"/>
        <logging href="logging/"/>
      </commons>
    </jakarta>
    <excalibur href="http://excalibur.apache.org/">
      <framework href="framework/"/>
    </excalibur>
    <cocoon href="http://cocoon.apache.org/"/>
    <ant href="http://ant.apache.org/">
      <manual href="manual/"/>
    </ant>
      
    <catalog_spec href="http://www.oasis-open.org/committees/entity/spec.html"/>
<!--<catalog_spec href="http://www.oasis-open.org/committees/entity/background/9401.html"/>-->
    <catalog_intro href="http://www.arbortext.com/Think_Tank/XML_Resources/Issue_Three/issue_three.html"/>

    <mail>
      <linkmaps href="http://marc.theaimsgroup.com/?l=forrest-dev&amp;amp;m=103444028129281&amp;amp;w=2"/>
      <semantic-linking href="http://marc.theaimsgroup.com/?l=forrest-dev&amp;amp;m=103097808318773&amp;amp;w=2"/>
      <inputmoduletransformer
        href="http://marc.theaimsgroup.com/?t=103992708800001&amp;amp;r=1&amp;w=2"/>
      <linkrewritertransformer href="http://issues.apache.org/bugzilla/show_bug.cgi?id=15611"/>
      <xpathtransformer href="http://issues.apache.org/bugzilla/show_bug.cgi?id=12235"/>
    </mail>
    <cool-uris href="http://www.w3.org/Provider/Style/URI.html"/>
    <uri-rfc href="http://zvon.org/tmRFC/RFC2396/Output/index.html"/>

    <mozilla href="http://www.mozilla.org/"/>
    <apache-stats href="http://www.apache.org/~vgritsenko/stats/index.html"/>
  </external-refs>

</site>
